<?xml version="1.0"?>
<!DOCTYPE hibernate-mapping PUBLIC 
    "-//Hibernate/Hibernate Mapping DTD 3.0//EN"
    "http://hibernate.sourceforge.net/hibernate-mapping-3.0.dtd">
    
<hibernate-mapping>
<!-- 
    Created by the Middlegen Hibernate plugin 
    modified by Gloria Deng generate long mapping for longerger of Oracle, change it to lang

    http://boss.bekk.no/boss/middlegen/
    http://hibernate.sourceforge.net/
-->

<class 
    name="agtc.sampletracking.model.Assay" 
    table="ASSAY"
>

    <id
        name="assayId"
        type="java.lang.Integer"
        column="ASSAY_ID"
        unsaved-value="-1"
    >
  
        <generator class="sequence">
                <param name="sequence">ASSAY_ID_SEQ</param>
        </generator>

    </id>

    <property
        name="name"
        type="java.lang.String"
        column="NAME"
        length="32"
        unique="true"
        not-null="true"
    >
    </property>
    <property
        name="note"
        type="java.lang.String"
        column="NOTE"
        length="32"
       
    >
    </property>
    
    <property
        name="location"
        type="java.lang.String"
        column="LOCATION"
        length="32"
       
    >
    </property>

    <!-- associations -->
    <!-- bi-directional one-to-many association to Result -->
    <set
        name="results"
        lazy="true"
        inverse="true"
    >
        <key>
            <column name="ASSAY_ID" />
        </key>
        <one-to-many 
            class="agtc.sampletracking.model.Result"
        />
    </set>
    <!-- bi-directional many-to-many association to ProjectAssay -->

 
    <set
        name="projects"
        table="project_assay"
        lazy="true"
        cascade="all"
     
    >
        <key>
            <column name="ASSAY_ID" not-null="true"/>
        </key>
        <many-to-many 
            class="agtc.sampletracking.model.Project" 
            column="project_id"
         >
        </many-to-many>
    </set>
   
 

</class>
</hibernate-mapping>
