<?xml version="1.0"?>
<!DOCTYPE hibernate-mapping PUBLIC 
    "-//Hibernate/Hibernate Mapping DTD 3.0//EN"
    "http://hibernate.sourceforge.net/hibernate-mapping-3.0.dtd">
    
<hibernate-mapping>
<!-- 
    Created by the Middlegen Hibernate plugin

    http://boss.bekk.no/boss/middlegen/
    http://hibernate.sourceforge.net/
-->

<class 
    name="agtc.sampletracking.model.Instrument" 
    table="INSTRUMENT"
>
 
    <id
        name="instrumentId"
        type="java.lang.Integer"
        column="INSTRUMENT_ID"
        unsaved-value="-1"
    >
    
         <generator class="sequence">
                <param name="sequence">INSTRUMENT_ID_SEQ</param>
        </generator>
    </id>

    <property
        name="name"
        type="java.lang.String"
        column="NAME"
        not-null="true"
        unique="true"
        length="64"
    >
     
    </property>
    <property
        name="note"
        type="java.lang.String"
        column="NOTE"
        length="128"
    >
     
    </property>

    <!-- associations -->
    <!-- bi-directional one-to-many association to Test -->
    <set
        name="tests"
        lazy="true"
        inverse="true"
    >
      
        <key>
            <column name="INSTRUMENT_ID" />
        </key>
        <one-to-many 
            class="agtc.sampletracking.model.Test"
        />
    </set>

</class>
</hibernate-mapping>
