<?xml version="1.0"?>
<!DOCTYPE hibernate-mapping PUBLIC 
    "-//Hibernate/Hibernate Mapping DTD 3.0//EN"
    "http://hibernate.sourceforge.net/hibernate-mapping-3.0.dtd">
    
<hibernate-mapping>
<!-- 
    Created by the Middlegen Hibernate plugin

    http://boss.bekk.no/boss/middlegen/
    http://hibernate.sourceforge.net/
-->

<class 
    name="agtc.sampletracking.model.SampleType" 
    table="SAMPLE_TYPE"
>
    <meta attribute="class-description" inherit="false">
       @hibernate.class
        table="SAMPLE_TYPE"
    </meta>

    <id
        name="sampleTypeId"
        type="java.lang.Integer"
        column="SAMPLE_TYPE_ID"
        unsaved-value="-1"
    >
   
         <generator class="sequence">
             <param name="sequence">SAMPLE_TYPE_ID_SEQ</param>
        </generator>

    </id>

    <property
        name="name"
        type="java.lang.String"
        column="NAME"
        not-null="true"
        unique="true"
        length="32"
    >
   
    </property>
    <property
        name="suffix"
        type="java.lang.String"
        column="SUFFIX"
         not-null="true"
        unique="true"
        length="3"
    >
   
    </property>

	 <property
        name="vials"
        type="java.lang.String"
        column="VIALS"
        length="16"
    >
   
    </property>

	 <property
        name="initialLabelNo"
        type="java.lang.Integer"
        column="INITIAL_LABEL_NO"
 
    >
   
    </property>

    <property
        name="isSource"
        type="java.lang.String"
        column="ISSOURCE"
         not-null="false"
        unique="true"
        length="1"
    >
   
    </property>
    
    <!-- associations -->
    <!-- bi-directional one-to-many association to Sample -->
    <set
        name="samples"
        lazy="true"
        inverse="true"
    >
     
        <key>
            <column name="SAMPLE_TYPE_ID" />
        </key>
        <one-to-many 
            class="agtc.sampletracking.model.Sample"
        />
    </set>

</class>
</hibernate-mapping>
