<?xml version="1.0" encoding="UTF-8" ?>
<!DOCTYPE log4j:configuration SYSTEM "log4j.dtd">

<log4j:configuration xmlns:log4j="http://jakarta.apache.org/log4j/">

    <appender name="CONSOLE" class="org.apache.log4j.ConsoleAppender">
        <layout class="org.apache.log4j.PatternLayout">
            <param name="ConversionPattern"
                value="%p - %d{HH:mm:ss} | %m%n"/>
        </layout>
    </appender>
    
    <appender name="HbLog" class="org.apache.log4j.RollingFileAppender">
        <param name="File" value="C:/SampleTracking/logs/HB.log"/>
        <param name="MaxFileSize" value="10MB"/>

        <layout class="org.apache.log4j.PatternLayout">
            <param name="ConversionPattern"
                value="%p - %d{HH:mm:ss} | %m%n"/>
        </layout>
    </appender>
    
    <appender name="SpringLog" class="org.apache.log4j.RollingFileAppender">
        <param name="File" value="C:/SampleTracking/logs/Spring.log"/>
        <param name="MaxFileSize" value="10MB"/>
        <layout class="org.apache.log4j.PatternLayout">
            <param name="ConversionPattern"
                value="%p - %d{HH:mm:ss} | %m%n"/>
        </layout>
    </appender>
    
    <appender name="StsLog" class="org.apache.log4j.RollingFileAppender">
        <param name="File" value="C:/SampleTracking/logs/Sts.log"/>
        <param name="MaxFileSize" value="10MB"/>
        <layout class="org.apache.log4j.PatternLayout">
            <param name="ConversionPattern"
				value="%p - %d{HH:mm:ss} | %m%n"/>
        </layout>
    </appender>

	 <appender name="ApacheLog" class="org.apache.log4j.RollingFileAppender">
        <param name="File" value="C:/SampleTracking/logs/Apache.log"/>
        <param name="MaxFileSize" value="10MB"/>
        <layout class="org.apache.log4j.PatternLayout">
            <param name="ConversionPattern"
				value="%p - %d{HH:mm:ss} | %m%n"/>
        </layout>
    </appender>

    <logger name="org.apache">
        <level value="WARN"/>
		<appender-ref ref="ApacheLog"/>
    </logger>

    
    <logger name="net.sf.hibernate">
        <level value="WARN"/>
        <appender-ref ref="HbLog"/>
    </logger>

    <logger name="org.springframework">
        <level value="WARN"/>
        <appender-ref ref="SpringLog"/>
    </logger>
   

    <logger name="agtc.sampletracking">
        <level value="WARN"/>
        <appender-ref ref="StsLog"/>
    </logger>

    <root>
        <level value="WARN"/>
        <appender-ref ref="CONSOLE"/>
    </root>

</log4j:configuration>